level_0,index,Unnamed: 0,title,comment,date,platform,product,is.flavor,is.packaging,is.expiration,is.price,is.source,is.logistic,is.ingredient,sentiment_score
883,908,1097,BUFFX 软糖 舒缓放松 sleep安睡0糖GABA 20粒60g【图片 价格 品牌 报价】-京东,物流很快！包装也很完好。希望晚上吃了有效果！,2020-11-16 09:56,JD.com,SLEEP,False,False,False,False,False,False,False,0.5294784397903981
884,909,1098,BUFFX 软糖 舒缓放松 sleep安睡0糖GABA 20粒60g【图片 价格 品牌 报价】-京东,非常不错，很有效果。,2021-01-18 08:49,JD.com,SLEEP,False,False,False,False,False,False,False,0.7588989249977882
886,911,1100,BUFFX 软糖 舒缓放松 sleep安睡0糖GABA 20粒60g【图片 价格 品牌 报价】-京东,非常好的糖果，软软绵绵的，好吃，帮助睡眠的功效应该是有的吧，但我吃得不多，暂时感受不到，应该可以，没副作用就好，包装精美，不错,2021-01-04 22:52,JD.com,SLEEP,False,False,False,False,False,False,False,0.8780844279994069
888,913,1102,BUFFX 软糖 舒缓放松 sleep安睡0糖GABA 20粒60g【图片 价格 品牌 报价】-京东,很不错，有效果。。。,2020-12-13 15:47,JD.com,SLEEP,False,False,False,False,False,False,False,0.6291739894551844
889,914,1103,BUFFX 软糖 舒缓放松 sleep安睡0糖GABA 20粒60g【图片 价格 品牌 报价】-京东,第二次购买 老公说有效的 吃了之后睡的特别沉 很香的一觉 很久没睡这么香了 所以趁活动 赶紧补一点囤着 给老爸老妈也买点吃 看看他们效果如何,2020-11-25 08:45,JD.com,SLEEP,False,False,False,False,False,False,False,0.6385933400701934
893,918,1107,BUFFX 软糖 舒缓放松 sleep安睡0糖GABA 20粒60g【图片 价格 品牌 报价】-京东,因为自己睡眠质量一直不好就买了，效果很好，吃了半小时后想睡的话躺一会就睡着了，再也没失眠过，而且没有药物感，是类似qq糖的感觉，果味很浓，热量也很低，非常优秀的产品,2020-10-07 20:44,JD.com,SLEEP,False,False,False,False,False,False,False,0.8437680784723763
898,923,1112,BUFFX 软糖 舒缓放松 sleep安睡0糖GABA 20粒60g【图片 价格 品牌 报价】-京东,非常满意的一次购物，效果不错,2020-11-19 13:22,JD.com,SLEEP,False,False,False,False,False,False,False,0.9045686218004112
900,925,1114,BUFFX 软糖 舒缓放松 sleep安睡0糖GABA 20粒60g【图片 价格 品牌 报价】-京东,效果一般 味道还是很不错,2020-10-25 08:24,JD.com,SLEEP,False,False,False,False,False,False,False,0.9355372833715758
901,926,1115,BUFFX 软糖 舒缓放松 sleep安睡0糖GABA 20粒60g【图片 价格 品牌 报价】-京东,早就在网上挑选这一类型的产品，朋友推荐给我，买的这家，效果真的特别显著！推荐给大家,2020-10-17 14:03,JD.com,SLEEP,False,False,False,False,False,False,False,0.7053662996093882
903,928,1117,BUFFX 软糖 舒缓放松 sleep安睡0糖GABA 20粒60g【图片 价格 品牌 报价】-京东,朋友介绍来买的，发货挺快的，昨天就收到了，好像真的有点效果，昨晚很快入睡,2020-10-14 09:43,JD.com,SLEEP,False,False,False,False,False,False,False,0.5426534363865336
904,929,1118,BUFFX 软糖 舒缓放松 sleep安睡0糖GABA 20粒60g【图片 价格 品牌 报价】-京东,用了几天，效果很好，味道也还可以，这个价格也很实惠，推荐购买！,2020-10-12 13:36,JD.com,SLEEP,False,False,False,False,False,False,False,0.8437680784723763
905,930,1119,BUFFX 软糖 舒缓放松 sleep安睡0糖GABA 20粒60g【图片 价格 品牌 报价】-京东,超级管用 ，比我之前买的片剂褪黑素效果好，吃了半个小时就有困意，给力,2020-10-10 00:08,JD.com,SLEEP,False,False,False,False,False,False,False,0.7005974169954885
907,932,1121,BUFFX 软糖 舒缓放松 sleep安睡0糖GABA 20粒60g【图片 价格 品牌 报价】-京东,在我姐的推荐下买了这个睡眠软糖，吃了一次之后，上一周被失眠折磨了一周的我终于睡了一个好觉，今早起床精神也很好，这款sleep效果的确很好。,2020-10-07 21:54,JD.com,SLEEP,False,False,False,False,False,False,False,0.9726071625462022
908,933,1122,BUFFX 软糖 舒缓放松 sleep安睡0糖GABA 20粒60g【图片 价格 品牌 报价】-京东,"可能年纪大了，又快双十一了，压力有点大，睡不着。
抱着试试看的想法买了这款。主要是考虑好吃，不像在吃药。口味我也比较喜欢。效果也不错。20分钟就有点想睡了。",2020-10-06 16:31,JD.com,SLEEP,False,False,False,False,False,False,False,0.9045686218004112
909,934,1123,BUFFX 软糖 舒缓放松 sleep安睡0糖GABA 20粒60g【图片 价格 品牌 报价】-京东,服用效果：有一说一 这效果对我自己真的明显....我自己都被吓到了 是朋友推荐得...每天刷牙前吃两颗 到上床睡觉差不多一小时 已经开始犯困 玩手机心情都没了 然后一觉睡到通天亮...,2020-10-16 11:39,JD.com,SLEEP,False,False,False,False,False,False,False,0.10825325579804523
911,936,1125,BUFFX 软糖 舒缓放松 sleep安睡0糖GABA 20粒60g【图片 价格 品牌 报价】-京东,实物与图片完全相符，效果今晚试试,2021-01-19 17:21,JD.com,SLEEP,False,False,False,False,False,False,False,0.7917844167356681
912,937,1126,BUFFX 软糖 舒缓放松 sleep安睡0糖GABA 20粒60g【图片 价格 品牌 报价】-京东,回购第二次了，不知道有没有效果反正挺好吃,2021-01-19 13:59,JD.com,SLEEP,False,False,False,False,False,False,False,0.3852905181313322
913,938,1127,BUFFX 软糖 舒缓放松 sleep安睡0糖GABA 20粒60g【图片 价格 品牌 报价】-京东,发货速度挺快，没两天就收到了，偶尔看到这个糖，头一次购买试试，这吃了几天，感觉就像嚼软糖，水果味的，好吃不好吃不好评价，因不大喜欢吃糖果，主要是解决睡眠问题，开始两天觉着没什么效果，这吃了一半，好像晚上睡眠是快了一些。,2021-01-05 22:01,JD.com,SLEEP,False,False,False,False,False,False,False,0.07988406640114376
917,942,1131,BUFFX 软糖 舒缓放松 sleep安睡0糖GABA 20粒60g【图片 价格 品牌 报价】-京东,偶然发现的，试试效果还可以，和片剂差不多。,2020-11-12 08:52,JD.com,SLEEP,False,False,False,False,False,False,False,0.8496615480751715
919,944,1133,BUFFX 软糖 舒缓放松 sleep安睡0糖GABA 20粒60g【图片 价格 品牌 报价】-京东,味道不错，期待效果中,2020-11-11 07:39,JD.com,SLEEP,False,False,False,False,False,False,False,0.884304305570463
920,945,1134,BUFFX 软糖 舒缓放松 sleep安睡0糖GABA 20粒60g【图片 价格 品牌 报价】-京东,买给家人吃的，辅助调理还是有效果,2021-01-24 22:26,JD.com,SLEEP,False,False,False,False,False,False,False,0.8699831942760442
924,949,1138,BUFFX 软糖 舒缓放松 sleep安睡0糖GABA 20粒60g【图片 价格 品牌 报价】-京东,商品效果不错,2021-01-03 20:56,JD.com,SLEEP,False,False,False,False,False,False,False,0.8890273539595915
929,954,1143,BUFFX 软糖 舒缓放松 sleep安睡0糖GABA 20粒60g【图片 价格 品牌 报价】-京东,可以啊效果好,2020-12-18 09:56,JD.com,SLEEP,False,False,False,False,False,False,False,0.7443227020261274
930,955,1144,BUFFX 软糖 舒缓放松 sleep安睡0糖GABA 20粒60g【图片 价格 品牌 报价】-京东,第二次回购了，我用有效果哦,2020-12-15 21:41,JD.com,SLEEP,False,False,False,False,False,False,False,0.6291739894551844
932,957,1146,BUFFX 软糖 舒缓放松 sleep安睡0糖GABA 20粒60g【图片 价格 品牌 报价】-京东,效果感觉不错，但是用了一段时间才来评价，用了几天，感觉还可以，挺好的。,2020-12-15 02:13,JD.com,SLEEP,False,False,False,False,False,False,False,0.9119647927289066
933,958,1147,BUFFX 软糖 舒缓放松 sleep安睡0糖GABA 20粒60g【图片 价格 品牌 报价】-京东,效果不错。,2020-12-10 20:38,JD.com,SLEEP,False,False,False,False,False,False,False,0.9045686218004112
939,964,1153,BUFFX 软糖 舒缓放松 sleep安睡0糖GABA 20粒60g【图片 价格 品牌 报价】-京东,感觉没什么效果的样子。不过味道还不错。,2020-11-14 12:54,JD.com,SLEEP,False,False,False,False,False,False,False,0.6280211030408838
941,966,1155,BUFFX 软糖 舒缓放松 sleep安睡0糖GABA 20粒60g【图片 价格 品牌 报价】-京东,产品不错，吃了效果显著，味道跟糖糖一样哈，可以睡个好觉了,2020-11-09 08:34,JD.com,SLEEP,False,False,False,False,False,False,False,0.6221181851809222
943,968,1157,BUFFX 软糖 舒缓放松 sleep安睡0糖GABA 20粒60g【图片 价格 品牌 报价】-京东,味道好吃但是效果还可以,2020-10-20 14:16,JD.com,SLEEP,False,False,False,False,False,False,False,0.6998194132507847
944,969,1158,BUFFX 软糖 舒缓放松 sleep安睡0糖GABA 20粒60g【图片 价格 品牌 报价】-京东,睡眠软糖收到了，看起来不错，试试效果,2020-10-13 10:03,JD.com,SLEEP,False,False,False,False,False,False,False,0.8228901999870786
947,972,1161,BUFFX 软糖 舒缓放松 sleep安睡0糖GABA 20粒60g【图片 价格 品牌 报价】-京东,还没吃也不知道效果如何？,2020-11-30 18:07,JD.com,SLEEP,False,False,False,False,False,False,False,0.31918898234655924
949,974,1163,BUFFX 软糖 舒缓放松 sleep安睡0糖GABA 20粒60g【图片 价格 品牌 报价】-京东,还没有吃呢，不知道有没有效果，以后再说吧,2020-11-10 19:35,JD.com,SLEEP,False,False,False,False,False,False,False,0.30613660421113376
950,975,1164,BUFFX 软糖 舒缓放松 sleep安睡0糖GABA 20粒60g【图片 价格 品牌 报价】-京东,还没吃，不晓得效果怎么样，买给老人的,2021-01-18 21:01,JD.com,SLEEP,False,False,False,False,False,False,False,0.16763185857696017
955,980,1169,BUFFX 软糖 舒缓放松 sleep安睡0糖GABA 20粒60g【图片 价格 品牌 报价】-京东,没吃，希望效果好。日期比较新。,2020-11-10 19:59,JD.com,SLEEP,False,False,False,False,False,False,False,0.771436958880593
967,992,1181,BUFFX 软糖 舒缓放松 sleep安睡0糖GABA 20粒60g【图片 价格 品牌 报价】-京东,特地吃了2盒来评价，对我来说没什么效果，该睡不着还是睡不着，可能因人而异吧，不会回购,2021-01-01 01:49,JD.com,SLEEP,False,False,False,False,False,False,False,0.6618693055351437
968,993,1182,BUFFX 软糖 舒缓放松 sleep安睡0糖GABA 20粒60g【图片 价格 品牌 报价】-京东,味道酸酸的，有水果味，服用后，效果还不怎么样？,2020-11-20 08:55,JD.com,SLEEP,False,False,False,False,False,False,False,0.36081352733182614
969,994,1183,BUFFX 软糖 舒缓放松 sleep安睡0糖GABA 20粒60g【图片 价格 品牌 报价】-京东,不是很甜，感觉吃橡皮糖一样，其实都是心理作用，先看看有没有效果吧,2020-11-11 21:48,JD.com,SLEEP,False,False,False,False,False,False,False,0.4201082149883877
970,995,1184,BUFFX 软糖 舒缓放松 sleep安睡0糖GABA 20粒60g【图片 价格 品牌 报价】-京东,最近失眠较为严重，吃这个还是有点效果的，感觉到困意，坚持一段时间再看看。,2020-10-22 16:58,JD.com,SLEEP,False,False,False,False,False,False,False,0.5345165439166373
980,1005,1194,BUFFX 软糖 舒缓放松 sleep安睡0糖GABA 20粒60g【图片 价格 品牌 报价】-京东,说实话，真的是没有什么效果，吃了之后睡眠还是就那样吧。就跟吃软糖一样。,2020-12-10 08:09,JD.com,SLEEP,False,False,False,False,False,False,False,0.7059163324976642
981,1006,1195,BUFFX 软糖 舒缓放松 sleep安睡0糖GABA 20粒60g【图片 价格 品牌 报价】-京东,一点效果也没用，很酸号还提速,2020-12-09 21:36,JD.com,SLEEP,False,False,False,False,False,False,False,0.35428975476546376
984,1009,1198,BUFFX 软糖 舒缓放松 sleep安睡0糖GABA 20粒60g【图片 价格 品牌 报价】-京东,吃了一次，好像有点效果。,2020-11-15 10:20,JD.com,SLEEP,False,False,False,False,False,False,False,0.5383908945281083
985,1010,1199,BUFFX 软糖 舒缓放松 sleep安睡0糖GABA 20粒60g【图片 价格 品牌 报价】-京东,酸酸甜甜，就是效果不明显，也不知道管不管用,2020-11-14 17:56,JD.com,SLEEP,False,False,False,False,False,False,False,0.47223293859766013
986,1011,1200,BUFFX 软糖 舒缓放松 sleep安睡0糖GABA 20粒60g【图片 价格 品牌 报价】-京东,昨天刚拿到晚上就吃了一粒，觉得没有效果！,2020-11-11 13:29,JD.com,SLEEP,False,False,False,False,False,False,False,0.4555213376626601
1004,1029,1218,BUFFX SLEEP非助深度睡眠神器无糖软糖GABAbuff糖非褪黑素无依赖-tmall.com天猫,包装品质：很新颖独特，方便好看 口感味道：口味很好吃，Q弹酸甜可口 不知道是不是安慰剂效果，感觉助眠还是不错的,01.22,Tmall,SLEEP,False,False,False,False,False,False,False,0.20486969192362803
1005,1030,1219,BUFFX SLEEP非助深度睡眠神器无糖软糖GABAbuff糖非褪黑素无依赖-tmall.com天猫,糖果非常不错，吃起来很甜，就跟真的糖果一样！效果也很不错！,01.17,Tmall,SLEEP,False,False,False,False,False,False,False,0.9461922485805059
1007,1032,1221,BUFFX SLEEP非助深度睡眠神器无糖软糖GABAbuff糖非褪黑素无依赖-tmall.com天猫,吃了水果味口感不错，送的东西也喜欢，效果好一定回购,01.11,Tmall,SLEEP,False,False,False,False,False,False,False,0.45113349729409635
1010,1035,1224,BUFFX SLEEP非助深度睡眠神器无糖软糖GABAbuff糖非褪黑素无依赖-tmall.com天猫,包装超级好看有质感的糖果 酸酸甜甜的那种 吃完之后过一会儿就有困意了 推荐推荐！还赠送了一片眼罩 非常贴心了！准备下次入入别的功效的糖,01.21,Tmall,SLEEP,False,False,False,False,False,False,False,0.7078481429841755
1011,1036,1225,BUFFX SLEEP非助深度睡眠神器无糖软糖GABAbuff糖非褪黑素无依赖-tmall.com天猫,口感味道：味道酸酸甜甜的很好吃 特意吃了几天才来评价 效果不错 附送的眼罩也很好用,01.08,Tmall,SLEEP,False,False,False,False,False,False,False,0.9951303523160109
1015,1040,1249,BUFFX SLEEP非助深度睡眠神器无糖软糖GABAbuff糖非褪黑素无依赖-tmall.com天猫,抱着试试看的想法，吃了后比之前快入睡，没想到效果还挺好的，而且味道还不错，象橡皮糖,01.20,Tmall,SLEEP,False,False,False,False,False,False,False,0.8491057584962569
1021,1046,1255,BUFFX SLEEP非助深度睡眠神器无糖软糖GABAbuff糖非褪黑素无依赖-tmall.com天猫,包装品质：包装好看 商品分量：份量还可以 保质期：日期比较新鲜 昨天收到的商品，准备今晚测试一下…包装看上去很卡通。也特别可爱，试了以后追加评论…主要是第一次买，希望有效…还送了眼罩非常贴心，物流很快发货很快,01.19,Tmall,SLEEP,False,False,False,False,False,False,False,0.9755860621801049
1022,1047,1256,BUFFX SLEEP非助深度睡眠神器无糖软糖GABAbuff糖非褪黑素无依赖-tmall.com天猫,包装品质：完好无损 口感味道：像QQ糖，酸酸甜甜的软糖，味道还不错～ 作用：没有任何效果，吃着玩还不错，就是有些小贵，不会再回购,01.22,Tmall,SLEEP,False,False,False,False,False,False,False,0.924611731903175
1023,1048,1257,BUFFX SLEEP非助深度睡眠神器无糖软糖GABAbuff糖非褪黑素无依赖-tmall.com天猫,其实是在抖音上面看到的，起初只是想试一试，之后发现效果不错，还挺好的。 其次它的口感很好，是那种软糖，上面裹了白砂糖好像，吃起来不是那种特别甜，不喜欢甜腻的朋友可以试一试。 最后说下它的效果，不管是我在自我催眠还是效果本身，确实对于我的睡眠有所帮助，有想法可以入手尝试。,01.14,Tmall,SLEEP,False,False,False,False,False,False,False,0.9462849690573077
1024,1049,1258,BUFFX SLEEP非助深度睡眠神器无糖软糖GABAbuff糖非褪黑素无依赖-tmall.com天猫,口感不错，效果也很好，店家还送了小礼物,01.17,Tmall,SLEEP,False,False,False,False,False,False,False,0.8437680784723763
1027,1052,1261,BUFFX SLEEP非助深度睡眠神器无糖软糖GABAbuff糖非褪黑素无依赖-tmall.com天猫,宝贝收到了，紫色软糖很好吃，效果也很明显，睡不着的时候吃一颗，非常好,01.24,Tmall,SLEEP,False,False,False,False,False,False,False,0.7588989249977887
1028,1053,1262,BUFFX SLEEP非助深度睡眠神器无糖软糖GABAbuff糖非褪黑素无依赖-tmall.com天猫,第二次回购了 不得不说真的很有效果，没吃的这几天，只能偶尔吃褪黑素解决，这次掌柜的居然还送了小礼品 真的太贴心了 吃完会再回购 爱了(⑉°з°)-♡ 包装品质：杠杠滴 商品分量：***** 保质期：***** 新鲜度：***** 口感味道：老样子 还是好吃,01.22,Tmall,SLEEP,False,False,False,False,False,False,False,0.5544536419268143
1031,1056,1265,BUFFX SLEEP非助深度睡眠神器无糖软糖GABAbuff糖非褪黑素无依赖-tmall.com天猫,我睡眠其实还行，睡前吃一颗，可以感受到效果，做梦是舒服的,01.24,Tmall,SLEEP,False,False,False,False,False,False,False,0.7951604472061264
1032,1057,1266,BUFFX SLEEP非助深度睡眠神器无糖软糖GABAbuff糖非褪黑素无依赖-tmall.com天猫,味道酸酸的很好，孩子们挺喜欢吃的，期待效果！还送了眼罩，不错,01.20,Tmall,SLEEP,False,False,False,False,False,False,False,0.7718741314611033
1035,1060,1269,BUFFX SLEEP非助深度睡眠神器无糖软糖GABAbuff糖非褪黑素无依赖-tmall.com天猫,还送了个眼罩，糖果没吃暂时不知道效果怎么样，不过感觉应该不错,01.22,Tmall,SLEEP,False,False,False,False,False,False,False,0.7028014152614632
1037,1062,1271,BUFFX SLEEP非助深度睡眠神器无糖软糖GABAbuff糖非褪黑素无依赖-tmall.com天猫,第一次体验，味道有点点奇特，感觉效果蛮不错滴,01.22,Tmall,SLEEP,False,False,False,False,False,False,False,0.959645145293269
1038,1063,1272,BUFFX SLEEP非助深度睡眠神器无糖软糖GABAbuff糖非褪黑素无依赖-tmall.com天猫,都说不错还不知道效果怎么样，看着是挺好，还有个眼罩,01.20,Tmall,SLEEP,False,False,False,False,False,False,False,0.7949505381483306
1039,1064,1273,BUFFX SLEEP非助深度睡眠神器无糖软糖GABAbuff糖非褪黑素无依赖-tmall.com天猫,送了个眼罩.没有睡眠问题，听说可以延长深度睡眠时间才买的，暂时没看到效果，倒是感觉梦变多了不知道是不是这个糖的原因,01.20,Tmall,SLEEP,False,False,False,False,False,False,False,0.3908462569488299
1042,1068,1277,BUFFX SLEEP非助深度睡眠神器无糖软糖GABAbuff糖非褪黑素无依赖-tmall.com天猫,贴心的送了蒸汽眼罩，糖果也确实有效果，可以睡得深，睡眠时间长一点，晚上睡觉不会那么浅。,01.20,Tmall,SLEEP,False,False,False,False,False,False,False,0.9540889041318921
1047,1073,1282,BUFFX SLEEP非助深度睡眠神器无糖软糖GABAbuff糖非褪黑素无依赖-tmall.com天猫,新鲜度：包装完整 效果好👌🏻 包装品质：挺管我的,01.23,Tmall,SLEEP,False,False,False,False,False,False,False,0.9694810068343569
1048,1074,1283,BUFFX SLEEP非助深度睡眠神器无糖软糖GABAbuff糖非褪黑素无依赖-tmall.com天猫,不错，吃完一盒了，期待效果，包装好看,01.23,Tmall,SLEEP,False,False,False,False,False,False,False,0.7718741314611033
1049,1075,1284,BUFFX SLEEP非助深度睡眠神器无糖软糖GABAbuff糖非褪黑素无依赖-tmall.com天猫,对象夜班倒时差买的，还没吃，但是看这包装非常的不错，糖果也是那种QQ糖似得糖果看着也很不错，期待效果,01.16,Tmall,SLEEP,False,False,False,False,False,False,False,0.7718741314611033
1050,1076,1285,BUFFX SLEEP非助深度睡眠神器无糖软糖GABAbuff糖非褪黑素无依赖-tmall.com天猫,口味可以先酸后甜，就是不知道助眠效果怎么样商家还送了个眼罩😝,01.20,Tmall,SLEEP,False,False,False,False,False,False,False,0.3190921639902552
1051,1077,1286,BUFFX SLEEP非助深度睡眠神器无糖软糖GABAbuff糖非褪黑素无依赖-tmall.com天猫,就是一般的水果味软糖。。。成分表上倒是有些有的没的，但是很多跟软糖一样。至于效果上………一言难尽，我是完全没啥反应，一包十袋二十颗，吃完之后该睡不着还是睡不着，不过第二天白天会比往常更困,01.23,Tmall,SLEEP,False,False,False,False,False,False,False,0.5629683140494108
1052,1078,1287,BUFFX SLEEP非助深度睡眠神器无糖软糖GABAbuff糖非褪黑素无依赖-tmall.com天猫,睡前吃两粒效果很好 味道也很不错,01.24,Tmall,SLEEP,False,False,False,False,False,False,False,0.9864773682402261
1054,1080,1289,BUFFX SLEEP非助深度睡眠神器无糖软糖GABAbuff糖非褪黑素无依赖-tmall.com天猫,用了几天来评价啦，效果真不错，吃完入睡蛮快的，有效果,01.20,Tmall,SLEEP,False,False,False,False,False,False,False,0.936425708561642
1056,1082,1291,BUFFX SLEEP非助深度睡眠神器无糖软糖GABAbuff糖非褪黑素无依赖-tmall.com天猫,货已收到感觉不错！包装也很好！还没吃！今晚吃看看效果！,01.12,Tmall,SLEEP,False,False,False,False,False,False,False,0.5740050861013886
1057,1083,1292,BUFFX SLEEP非助深度睡眠神器无糖软糖GABAbuff糖非褪黑素无依赖-tmall.com天猫,酸酸甜甜的，口感不错，效果也可以,01.23,Tmall,SLEEP,False,False,False,False,False,False,False,0.6291739894551844
1058,1085,1294,BUFFX SLEEP非助深度睡眠神器无糖软糖GABAbuff糖非褪黑素无依赖-tmall.com天猫,送的眼罩很好用还有精美的贴纸，糖也很好吃。有点效果的。辅助睡眠。,01.10,Tmall,SLEEP,False,False,False,False,False,False,False,0.6291739894551844
1063,1091,1300,BUFFX SLEEP非助深度睡眠神器无糖软糖GABAbuff糖非褪黑素无依赖-tmall.com天猫,效果不错味道还可以 蒸汽面罩今晚试一下,01.20,Tmall,SLEEP,False,False,False,False,False,False,False,0.585964875847683
1065,1093,1302,BUFFX SLEEP非助深度睡眠神器无糖软糖GABAbuff糖非褪黑素无依赖-tmall.com天猫,口感味道：酸酸甜甜味道不错，效果也非常明显！值得推荐,01.11,Tmall,SLEEP,False,False,False,False,False,False,False,0.6291739894551844
1067,1095,1304,BUFFX SLEEP非助深度睡眠神器无糖软糖GABAbuff糖非褪黑素无依赖-tmall.com天猫,看着很不错，今天就试试效果,01.20,Tmall,SLEEP,False,False,False,False,False,False,False,0.8228901999870786
1074,1102,1311,BUFFX SLEEP非助深度睡眠神器无糖软糖GABAbuff糖非褪黑素无依赖-tmall.com天猫,包装非常酷，还送了一个眼罩，昨晚第一次吃感觉味道挺不错的，之后会再看看效果怎么样。,01.18,Tmall,SLEEP,False,False,False,False,False,False,False,0.5454601394432171
1078,1106,1315,BUFFX SLEEP非助深度睡眠神器无糖软糖GABAbuff糖非褪黑素无依赖-tmall.com天猫,包装品质：挺好的 精美 口感味道：味道不错哦 期待效果,01.18,Tmall,SLEEP,False,False,False,False,False,False,False,0.9972227328127969
1083,1111,1320,BUFFX SLEEP非助深度睡眠神器无糖软糖GABAbuff糖非褪黑素无依赖-tmall.com天猫,这东西非常好 效果好 特别适用于我的失眠问题 效果明显 ！可以购买1包装也不错 总体感觉很好,01.19,Tmall,SLEEP,False,False,False,False,False,False,False,0.9711474000996829
1089,1117,1326,BUFFX SLEEP非助深度睡眠神器无糖软糖GABAbuff糖非褪黑素无依赖-tmall.com天猫,味道不错，也的确对入眠有效果,01.20,Tmall,SLEEP,False,False,False,False,False,False,False,0.8157432084674401
1090,1118,1327,BUFFX SLEEP非助深度睡眠神器无糖软糖GABAbuff糖非褪黑素无依赖-tmall.com天猫,吃了半盒才来点评，确实很有效果~能帮助睡眠质量更好,01.23,Tmall,SLEEP,False,False,False,False,False,False,False,0.8984919924078835
1092,1120,1329,BUFFX SLEEP非助深度睡眠神器无糖软糖GABAbuff糖非褪黑素无依赖-tmall.com天猫,很好，买回来看起来很好，效果很期待,01.20,Tmall,SLEEP,False,False,False,False,False,False,False,0.8625818369826227
1095,1123,1332,BUFFX SLEEP非助深度睡眠神器无糖软糖GABAbuff糖非褪黑素无依赖-tmall.com天猫,口感味道：很像qq糖一样，挺好吃的。效果挺好，吃了两个,01.18,Tmall,SLEEP,False,False,False,False,False,False,False,0.8806027500243906
1097,1125,1334,BUFFX SLEEP非助深度睡眠神器无糖软糖GABAbuff糖非褪黑素无依赖-tmall.com天猫,吃了两天才来评价，酸酸甜甜的，味道不错。睡前嚼两块，然后把手机关机。躺好，似乎挺快就睡着了。大概一觉能睡到早上。期待效果。大概会回购。,01.14,Tmall,SLEEP,False,False,False,False,False,False,False,0.7718741314611033
1099,1127,1336,BUFFX SLEEP非助深度睡眠神器无糖软糖GABAbuff糖非褪黑素无依赖-tmall.com天猫,很有效果没有任何副作用这个糖太有助睡眠了,01.24,Tmall,SLEEP,False,False,False,False,False,False,False,0.5130976465052141
1105,1133,1342,BUFFX SLEEP非助深度睡眠神器无糖软糖GABAbuff糖非褪黑素无依赖-tmall.com天猫,特意吃了一段时间才来评价的，确实有改善睡眠的效果，现在睡眠质量有所提升，准备在买一点。,01.19,Tmall,SLEEP,False,False,False,False,False,False,False,0.64034006582898
1106,1134,1343,BUFFX SLEEP非助深度睡眠神器无糖软糖GABAbuff糖非褪黑素无依赖-tmall.com天猫,包装好看，速度快，看起来效果应该不错~,01.15,Tmall,SLEEP,False,False,False,False,False,False,False,0.9162707329864695
1108,1136,1345,BUFFX SLEEP非助深度睡眠神器无糖软糖GABAbuff糖非褪黑素无依赖-tmall.com天猫,第一次看到这样的宝贝，口感不错，包装很漂亮，还送了一个眼罩，有效果，物美价廉！,01.14,Tmall,SLEEP,False,False,False,False,False,False,False,0.6291739894551844
1112,1140,1389,BUFFX SLEEP非助深度睡眠神器无糖软糖GABAbuff糖非褪黑素无依赖-tmall.com天猫,之前就有购买，感觉效果不错，吃完就又拍了，很喜欢,01.21,Tmall,SLEEP,False,False,False,False,False,False,False,0.9119647927289066
1115,1144,1393,BUFFX SLEEP非助深度睡眠神器无糖软糖GABAbuff糖非褪黑素无依赖-tmall.com天猫,挺不错的。味道也还行。效果不知道怎么样。反正就当糖吃了。,01.22,Tmall,SLEEP,False,False,False,False,False,False,False,0.47223293859766013
1119,1148,1397,BUFFX SLEEP非助深度睡眠神器无糖软糖GABAbuff糖非褪黑素无依赖-tmall.com天猫,"很喜欢哇,有效还好吃,吃完大概十几分钟就有困意辽。还有赠品蒸汽眼罩。独立包装很方便! 包装品质：好",01.16,Tmall,SLEEP,False,False,False,False,False,False,False,0.9074257939108076
1120,1149,1398,BUFFX SLEEP非助深度睡眠神器无糖软糖GABAbuff糖非褪黑素无依赖-tmall.com天猫,东西收到，还没使用，据说挺好用的，还赠了热敷眼罩，总之期待效果，满意五分,01.14,Tmall,SLEEP,False,False,False,False,False,False,False,0.7718741314611033
1121,1150,1399,BUFFX SLEEP非助深度睡眠神器无糖软糖GABAbuff糖非褪黑素无依赖-tmall.com天猫,东西收到，第一次尝试，过几天看看效果，好的话在来回购，谢谢送的眼罩和贴纸，很喜欢,01.18,Tmall,SLEEP,False,False,False,False,False,False,False,0.48482043292482746
1123,1153,1402,BUFFX SLEEP非助深度睡眠神器无糖软糖GABAbuff糖非褪黑素无依赖-tmall.com天猫,喜欢 哈哈哈 还不错吧 效果还好,01.08,Tmall,SLEEP,False,False,False,False,False,False,False,0.9966733742808367
1124,1154,1403,BUFFX SLEEP非助深度睡眠神器无糖软糖GABAbuff糖非褪黑素无依赖-tmall.com天猫,睡觉是有效果，而且感觉也挺安全的，因为本人是上学的，然后总是睡不着觉 ，一般我是吃两个，现在也就是剩一些了,01.16,Tmall,SLEEP,False,False,False,False,False,False,False,0.5547911730629702
1125,1155,1404,BUFFX SLEEP非助深度睡眠神器无糖软糖GABAbuff糖非褪黑素无依赖-tmall.com天猫,口感味道：经常购买，味道好，效果也不错，睡前来两粒，解决睡觉难😄,01.16,Tmall,SLEEP,False,False,False,False,False,False,False,0.9045686218004112
1126,1156,1405,BUFFX SLEEP非助深度睡眠神器无糖软糖GABAbuff糖非褪黑素无依赖-tmall.com天猫,第一次购买 希望有效果哟,01.20,Tmall,SLEEP,False,False,False,False,False,False,False,0.7453915096961528
1127,1157,1406,BUFFX SLEEP非助深度睡眠神器无糖软糖GABAbuff糖非褪黑素无依赖-tmall.com天猫,塑料盒子包装的很可爱，还送了小礼物，日期也是新鲜的，一共二十粒，收到第二天就试吃了两颗，口感很好，比旺仔QQ糖还好吃，吃完心情很放松，并且没有任何不良反应，不像褪黑素强制睡觉吃完会头疼，我天天都是重度失眠吃完很快就睡着了，推荐和我一样失眠的人也试试，的确有效果。,01.08,Tmall,SLEEP,False,False,False,False,False,False,False,0.6719449741273709
1129,1159,1408,BUFFX SLEEP非助深度睡眠神器无糖软糖GABAbuff糖非褪黑素无依赖-tmall.com天猫,口感味道：说实话味道真好吃，哈哈哈，效果还没感受到,01.17,Tmall,SLEEP,False,False,False,False,False,False,False,0.6995491674481816
1131,1161,1410,BUFFX SLEEP非助深度睡眠神器无糖软糖GABAbuff糖非褪黑素无依赖-tmall.com天猫,包装非常的可爱，还送了眼罩，效果今晚试了明天再来评价，期待～,01.17,Tmall,SLEEP,False,False,False,False,False,False,False,0.23651932985014756
1139,1169,1418,BUFFX SLEEP非助深度睡眠神器无糖软糖GABAbuff糖非褪黑素无依赖-tmall.com天猫,包装还挺可爱的，不知道用起来效果如何，但是包装还挺好过来的，期待效果,01.16,Tmall,SLEEP,False,False,False,False,False,False,False,0.7315918016323255
1141,1171,1420,BUFFX SLEEP非助深度睡眠神器无糖软糖GABAbuff糖非褪黑素无依赖-tmall.com天猫,来评价一下，吃了两天了，总体来说还可以，的确有效果，再坚持一下看看，过段时间会追加评价,01.17,Tmall,SLEEP,False,False,False,False,False,False,False,0.6719449741273709
1143,1173,1422,BUFFX SLEEP非助深度睡眠神器无糖软糖GABAbuff糖非褪黑素无依赖-tmall.com天猫,很有效果，对于我来说。,01.20,Tmall,SLEEP,False,False,False,False,False,False,False,0.7588989249977882
1144,1174,1423,BUFFX SLEEP非助深度睡眠神器无糖软糖GABAbuff糖非褪黑素无依赖-tmall.com天猫,超级好吃 我的天太好吃了 完全停不下来 我真的太爱吃这个糖了哈哈哈哈哈效果不知道 就是好吃,01.14,Tmall,SLEEP,False,False,False,False,False,False,False,0.36728935407247576
1148,1178,1427,BUFFX SLEEP非助深度睡眠神器无糖软糖GABAbuff糖非褪黑素无依赖-tmall.com天猫,包装很好看，价格有点小贵，看看效果如何哈~,01.15,Tmall,SLEEP,False,False,False,False,False,False,False,0.6043556834346169
1149,1179,1428,BUFFX SLEEP非助深度睡眠神器无糖软糖GABAbuff糖非褪黑素无依赖-tmall.com天猫,快递很快就到了，吃起来和软糖一样。按照要求吃了之后不玩手机。具体效果的话看后期追评,2020.12.28,Tmall,SLEEP,False,False,False,False,False,False,False,0.9065767747981176
1150,1180,1429,BUFFX SLEEP非助深度睡眠神器无糖软糖GABAbuff糖非褪黑素无依赖-tmall.com天猫,还没试过效果不过冲着包装我也会回购的太好看了,01.14,Tmall,SLEEP,False,False,False,False,False,False,False,0.37778326357968883
1151,1181,1430,BUFFX SLEEP非助深度睡眠神器无糖软糖GABAbuff糖非褪黑素无依赖-tmall.com天猫,东西还可以 吃了有效果 而且无激素 挺好的 送的眼罩不错 过几天再用 非常好。,01.15,Tmall,SLEEP,False,False,False,False,False,False,False,0.9570061236066402
1153,1183,1432,BUFFX SLEEP非助深度睡眠神器无糖软糖GABAbuff糖非褪黑素无依赖-tmall.com天猫,看知乎被推荐过来的. 对精神紧张应该是很有用的. 贴心的送了一副口罩. 吃完看看效果再追评,01.14,Tmall,SLEEP,False,False,False,False,False,False,False,0.9768589602006871
1154,1184,1433,BUFFX SLEEP非助深度睡眠神器无糖软糖GABAbuff糖非褪黑素无依赖-tmall.com天猫,包装还不错，物流也很快，效果比较缓慢需要静心，没想到我已经是中度失眠了，需要吃四颗才能入睡,01.19,Tmall,SLEEP,False,False,False,False,False,False,False,0.9554106757265234
1155,1185,1434,BUFFX SLEEP非助深度睡眠神器无糖软糖GABAbuff糖非褪黑素无依赖-tmall.com天猫,第二次购买，助睡眠效果特别好，二粒二十分钟就入睡。我还要存一点。,01.15,Tmall,SLEEP,False,False,False,False,False,False,False,0.9290339908827514
1156,1186,1435,BUFFX SLEEP非助深度睡眠神器无糖软糖GABAbuff糖非褪黑素无依赖-tmall.com天猫,听说效果不错，买来试试,01.22,Tmall,SLEEP,False,False,False,False,False,False,False,0.9211545699728227
1161,1191,1440,BUFFX SLEEP非助深度睡眠神器无糖软糖GABAbuff糖非褪黑素无依赖-tmall.com天猫,可以，还是有效果的,01.24,Tmall,SLEEP,False,False,False,False,False,False,False,0.6291739894551844
1166,1196,1445,BUFFX SLEEP非助深度睡眠神器无糖软糖GABAbuff糖非褪黑素无依赖-tmall.com天猫,效果特别好 吃完睡觉入睡特别快 味道酸酸甜甜的也很好吃,01.18,Tmall,SLEEP,False,False,False,False,False,False,False,0.9493592823120792
1167,1197,1446,BUFFX SLEEP非助深度睡眠神器无糖软糖GABAbuff糖非褪黑素无依赖-tmall.com天猫,外观漂亮 包装不错 效果还可以,01.19,Tmall,SLEEP,False,False,False,False,False,False,False,0.9982186395294033
1170,1200,1449,BUFFX SLEEP非助深度睡眠神器无糖软糖GABAbuff糖非褪黑素无依赖-tmall.com天猫,晚上试一下效果 希望有帮助 另外还送了一个蒸汽眼罩 挺好的,01.19,Tmall,SLEEP,False,False,False,False,False,False,False,0.8860143322817274
1171,1201,1450,BUFFX SLEEP非助深度睡眠神器无糖软糖GABAbuff糖非褪黑素无依赖-tmall.com天猫,包装很好看还送了一个眼罩吃了一个很好吃 准备试试效果,01.15,Tmall,SLEEP,False,False,False,False,False,False,False,0.9741925306737546
1173,1203,1452,BUFFX SLEEP非助深度睡眠神器无糖软糖GABAbuff糖非褪黑素无依赖-tmall.com天猫,有一定效果 吃起来酸酸甜甜的 味道不错这个是真的好，材料和做工都特别精致，做工真的非常棒，我觉着我可以推荐给我朋友买,01.13,Tmall,SLEEP,False,False,False,False,False,False,False,0.986611929124197
1175,1205,1454,BUFFX SLEEP非助深度睡眠神器无糖软糖GABAbuff糖非褪黑素无依赖-tmall.com天猫,味道就像小时候吃的黑妞酸甜的 挺好吃的不知道有没有效果有了在追评,01.14,Tmall,SLEEP,False,False,False,False,False,False,False,0.9419782808237759
1176,1206,1455,BUFFX SLEEP非助深度睡眠神器无糖软糖GABAbuff糖非褪黑素无依赖-tmall.com天猫,效果非常好。吃完乏力的很，直接就睡着了，人都困得不行,01.18,Tmall,SLEEP,False,False,False,False,False,False,False,0.7443227020261274
1177,1207,1456,BUFFX SLEEP非助深度睡眠神器无糖软糖GABAbuff糖非褪黑素无依赖-tmall.com天猫,买了一盒最贵的水果软糖，没有多少效果。好评吧,01.19,Tmall,SLEEP,False,False,False,False,False,False,False,0.6291739894551844
1180,1210,1459,BUFFX SLEEP非助深度睡眠神器无糖软糖GABAbuff糖非褪黑素无依赖-tmall.com天猫,效果很好我已经第三次买了，每次睡不着，来两颗，真香！！！,01.18,Tmall,SLEEP,False,False,False,False,False,False,False,0.6734476575827935
1182,1212,1461,BUFFX SLEEP非助深度睡眠神器无糖软糖GABAbuff糖非褪黑素无依赖-tmall.com天猫,口味不错，而且还有助睡安眠的功效，卖家还赠送了眼罩，还会复购,01.17,Tmall,SLEEP,False,False,False,False,False,False,False,0.7664188553761904
1183,1213,1462,BUFFX SLEEP非助深度睡眠神器无糖软糖GABAbuff糖非褪黑素无依赖-tmall.com天猫,可以效果还不知道今天刚吃味道不错准备试试他能否助眠,01.23,Tmall,SLEEP,False,False,False,False,False,False,False,0.9906567880961857
1184,1215,1464,BUFFX SLEEP非助深度睡眠神器无糖软糖GABAbuff糖非褪黑素无依赖-tmall.com天猫,东西不错，味道挺好，吃完有效果，还会回购的。,01.19,Tmall,SLEEP,False,False,False,False,False,False,False,0.7449380040000947
1186,1217,1466,BUFFX SLEEP非助深度睡眠神器无糖软糖GABAbuff糖非褪黑素无依赖-tmall.com天猫,睡眠易燥患者，这个不含激素，感觉还不错，期待效果,01.15,Tmall,SLEEP,False,False,False,False,False,False,False,0.7718741314611033
1187,1218,1467,BUFFX SLEEP非助深度睡眠神器无糖软糖GABAbuff糖非褪黑素无依赖-tmall.com天猫,好评，效果好，好吃，良心产品。,01.20,Tmall,SLEEP,False,False,False,False,False,False,False,0.7443227020261274
1188,1219,1468,BUFFX SLEEP非助深度睡眠神器无糖软糖GABAbuff糖非褪黑素无依赖-tmall.com天猫,真没想到效果这么好，吃完倒头就睡，不错不错。继续买。,01.15,Tmall,SLEEP,False,False,False,False,False,False,False,0.6500546848235578
1190,1221,1470,BUFFX SLEEP非助深度睡眠神器无糖软糖GABAbuff糖非褪黑素无依赖-tmall.com天猫,效果很好，很满意,01.20,Tmall,SLEEP,False,False,False,False,False,False,False,0.8437680784723763
1195,1226,1475,BUFFX SLEEP非助深度睡眠神器无糖软糖GABAbuff糖非褪黑素无依赖-tmall.com天猫,口味很好，酸酸甜甜的，超Q弹，效果也非常好。,01.17,Tmall,SLEEP,False,False,False,False,False,False,False,0.7443227020261274
1197,1228,1477,BUFFX SLEEP非助深度睡眠神器无糖软糖GABAbuff糖非褪黑素无依赖-tmall.com天猫,太可爱了包装 今晚就试一下效果嘻嘻嘻,01.18,Tmall,SLEEP,False,False,False,False,False,False,False,0.9635849593457326
1200,1231,1480,BUFFX SLEEP非助深度睡眠神器无糖软糖GABAbuff糖非褪黑素无依赖-tmall.com天猫,好吃有效,01.22,Tmall,SLEEP,False,False,False,False,False,False,False,0.573170731707317
1201,1232,1481,BUFFX SLEEP非助深度睡眠神器无糖软糖GABAbuff糖非褪黑素无依赖-tmall.com天猫,未吃 但看起来颜值很高 期待效果,01.14,Tmall,SLEEP,False,False,False,False,False,False,False,0.918975625999079
1202,1233,1482,BUFFX SLEEP非助深度睡眠神器无糖软糖GABAbuff糖非褪黑素无依赖-tmall.com天猫,换了新包装！紫色的也好看！好吃又有效果！,01.15,Tmall,SLEEP,False,False,False,False,False,False,False,0.672264906256794
1204,1235,1484,BUFFX SLEEP非助深度睡眠神器无糖软糖GABAbuff糖非褪黑素无依赖-tmall.com天猫,我生物钟不好，虽然不严重，但是难倒，就像人家有时差一样，有时候睡的早有时候晚，所以很难适应，吃了半个月感觉效果还不错的，每天睡前吃，关灯闭眼等睡着就行了。,01.20,Tmall,SLEEP,False,False,False,False,False,False,False,0.7715056045579738
1209,1240,1489,BUFFX SLEEP非助深度睡眠神器无糖软糖GABAbuff糖非褪黑素无依赖-tmall.com天猫,宝贝已买，糖很好吃！酸酸甜甜 期待效果,01.18,Tmall,SLEEP,False,False,False,False,False,False,False,0.9427277461972428
1212,1243,1492,BUFFX SLEEP非助深度睡眠神器无糖软糖GABAbuff糖非褪黑素无依赖-tmall.com天猫,看着很高级 不知道效果怎么样,01.18,Tmall,SLEEP,False,False,False,False,False,False,False,0.5328709305846667
1213,1244,1493,BUFFX SLEEP非助深度睡眠神器无糖软糖GABAbuff糖非褪黑素无依赖-tmall.com天猫,包转完好，口感也很好，效果也不错,01.15,Tmall,SLEEP,False,False,False,False,False,False,False,0.9045686218004112
1214,1245,1494,BUFFX SLEEP非助深度睡眠神器无糖软糖GABAbuff糖非褪黑素无依赖-tmall.com天猫,效果灰常好，吃了就开始打哈欠，下次还买。,01.16,Tmall,SLEEP,False,False,False,False,False,False,False,0.7238282168675618
1221,1252,1501,BUFFX SLEEP非助深度睡眠神器无糖软糖GABAbuff糖非褪黑素无依赖-tmall.com天猫,味道可以，不错期待效果,01.17,Tmall,SLEEP,False,False,False,False,False,False,False,0.9497553257237364
1222,1253,1502,BUFFX SLEEP非助深度睡眠神器无糖软糖GABAbuff糖非褪黑素无依赖-tmall.com天猫,小礼品好丰富，味道不错，效果明显,01.14,Tmall,SLEEP,False,False,False,False,False,False,False,0.6291739894551844
1225,1256,1505,BUFFX SLEEP非助深度睡眠神器无糖软糖GABAbuff糖非褪黑素无依赖-tmall.com天猫,包装很好看，送了蒸汽眼罩很贴心，希望有效果,01.14,Tmall,SLEEP,False,False,False,False,False,False,False,0.6629703054215808
1228,1259,1508,BUFFX SLEEP非助深度睡眠神器无糖软糖GABAbuff糖非褪黑素无依赖-tmall.com天猫,口感不错，有点效果，期待长期效果,01.14,Tmall,SLEEP,False,False,False,False,False,False,False,0.7949820709250587
1229,1260,1509,BUFFX SLEEP非助深度睡眠神器无糖软糖GABAbuff糖非褪黑素无依赖-tmall.com天猫,看着不错，效果好会再回购 包装品质：超美,01.19,Tmall,SLEEP,False,False,False,False,False,False,False,0.6830204759888716
1230,1261,1510,BUFFX SLEEP非助深度睡眠神器无糖软糖GABAbuff糖非褪黑素无依赖-tmall.com天猫,好看，还送了眼罩，效果很好,01.18,Tmall,SLEEP,False,False,False,False,False,False,False,0.8437680784723763
1232,1263,1512,BUFFX SLEEP非助深度睡眠神器无糖软糖GABAbuff糖非褪黑素无依赖-tmall.com天猫,口感味道：很好吃，还是有效果的！,01.19,Tmall,SLEEP,False,False,False,False,False,False,False,0.6291739894551844
1238,1269,1518,BUFFX SLEEP非助深度睡眠神器无糖软糖GABAbuff糖非褪黑素无依赖-tmall.com天猫,第一次吃，不知道效果如何！期待有效,01.16,Tmall,SLEEP,False,False,False,False,False,False,False,0.6408525735283624
1252,1284,1533,BUFFX SLEEP非助深度睡眠神器无糖软糖GABAbuff糖非褪黑素无依赖-tmall.com天猫,这是我最喜欢的味道，很不错，期待效果,01.18,Tmall,SLEEP,False,False,False,False,False,False,False,0.7718741314611033
1255,1287,1536,BUFFX SLEEP非助深度睡眠神器无糖软糖GABAbuff糖非褪黑素无依赖-tmall.com天猫,日期新鲜，送了小礼品。期待效果～,01.14,Tmall,SLEEP,False,False,False,False,False,False,False,0.9013671846875291
1256,1288,1537,BUFFX SLEEP非助深度睡眠神器无糖软糖GABAbuff糖非褪黑素无依赖-tmall.com天猫,东西不错，有效果可以改善睡眠。,01.19,Tmall,SLEEP,False,False,False,False,False,False,False,0.5114677958372931
1259,1291,1540,BUFFX SLEEP非助深度睡眠神器无糖软糖GABAbuff糖非褪黑素无依赖-tmall.com天猫,期待效果，外观特别好看,01.14,Tmall,SLEEP,False,False,False,False,False,False,False,0.7718741314611033
1264,1296,1545,BUFFX SLEEP非助深度睡眠神器无糖软糖GABAbuff糖非褪黑素无依赖-tmall.com天猫,效果挺好，还送哥眼罩，真的不错,01.16,Tmall,SLEEP,False,False,False,False,False,False,False,0.8806027500243906
1266,1298,1547,BUFFX SLEEP非助深度睡眠神器无糖软糖GABAbuff糖非褪黑素无依赖-tmall.com天猫,味道不错，效果也还行,01.25,Tmall,SLEEP,False,False,False,False,False,False,False,0.7966286200221133
1269,1301,1550,BUFFX SLEEP非助深度睡眠神器无糖软糖GABAbuff糖非褪黑素无依赖-tmall.com天猫,很好吃的糖，感觉很有效以前很爱做梦，感觉吃完真的是一觉到天亮,01.19,Tmall,SLEEP,False,False,False,False,False,False,False,0.9486059042727274
1272,1304,1553,BUFFX SLEEP非助深度睡眠神器无糖软糖GABAbuff糖非褪黑素无依赖-tmall.com天猫,快递很快就到了，还送了眼罩很贴心，感谢卖家，还没试试效果应该不会差！！♥,01.16,Tmall,SLEEP,False,False,False,False,False,False,False,0.19471585412077963
1273,1305,1554,BUFFX SLEEP非助深度睡眠神器无糖软糖GABAbuff糖非褪黑素无依赖-tmall.com天猫,很好吃第一天效果还可以,01.16,Tmall,SLEEP,False,False,False,False,False,False,False,0.7388444521801564
1275,1309,1558,BUFFX SLEEP非助深度睡眠神器无糖软糖GABAbuff糖非褪黑素无依赖-tmall.com天猫,包装品质：包装挺nice的，今晚试一试效果,01.18,Tmall,SLEEP,False,False,False,False,False,False,False,0.7062543572260284
1281,1315,1564,BUFFX SLEEP非助深度睡眠神器无糖软糖GABAbuff糖非褪黑素无依赖-tmall.com天猫,收到后连续几天晚上睡觉前吃了，唉，对我来说吃8颗都没有效果😂😂,01.25,Tmall,SLEEP,False,False,False,False,False,False,False,0.6478008785614565
1283,1317,1566,BUFFX SLEEP非助深度睡眠神器无糖软糖GABAbuff糖非褪黑素无依赖-tmall.com天猫,效果好 味道不错 推荐购买,01.17,Tmall,SLEEP,False,False,False,False,False,False,False,0.9662519521340652
1289,1323,1572,BUFFX SLEEP非助深度睡眠神器无糖软糖GABAbuff糖非褪黑素无依赖-tmall.com天猫,口感味道：蓝莓味甜甜的 包装品质：卡通很好看朋友很喜欢。我也准备买来吃吃看效果怎么样！,01.10,Tmall,SLEEP,False,False,False,False,False,False,False,0.5490033413819809
1290,1324,1573,BUFFX SLEEP非助深度睡眠神器无糖软糖GABAbuff糖非褪黑素无依赖-tmall.com天猫,刚吃味道还行效果还不清楚但包装好看价格合适还送了眼罩,01.08,Tmall,SLEEP,False,False,False,False,False,False,False,0.9005265801057436
1291,1325,1574,BUFFX SLEEP非助深度睡眠神器无糖软糖GABAbuff糖非褪黑素无依赖-tmall.com天猫,效果还可以，吃完了再看看效果。,01.17,Tmall,SLEEP,False,False,False,False,False,False,False,0.7744445458959005
1297,1331,1580,BUFFX SLEEP非助深度睡眠神器无糖软糖GABAbuff糖非褪黑素无依赖-tmall.com天猫,吃过之后很快就进入了深度睡眠，效果不错,01.16,Tmall,SLEEP,False,False,False,False,False,False,False,0.9045686218004112
1300,1334,1583,BUFFX SLEEP非助深度睡眠神器无糖软糖GABAbuff糖非褪黑素无依赖-tmall.com天猫,口感味道：收到后马上吃了两颗，味道还是不错的，不知道助眠效果怎么样，包装很精致，总体来说不错,01.12,Tmall,SLEEP,False,False,False,False,False,False,False,0.9062793801196364
1301,1335,1584,BUFFX SLEEP非助深度睡眠神器无糖软糖GABAbuff糖非褪黑素无依赖-tmall.com天猫,看着挺好的期待效果。,01.16,Tmall,SLEEP,False,False,False,False,False,False,False,0.9496502301311325
1309,1343,1592,BUFFX SLEEP非助深度睡眠神器无糖软糖GABAbuff糖非褪黑素无依赖-tmall.com天猫,味道是不错，效果待确认,01.20,Tmall,SLEEP,False,False,False,False,False,False,False,0.3024647737605931
1322,1356,1605,BUFFX SLEEP非助深度睡眠神器无糖软糖GABAbuff糖非褪黑素无依赖-tmall.com天猫,效果很好，上次吃的时候还是08年,01.21,Tmall,SLEEP,False,False,False,False,False,False,False,0.8437680784723763
1324,1358,1607,BUFFX SLEEP非助深度睡眠神器无糖软糖GABAbuff糖非褪黑素无依赖-tmall.com天猫,用段时间看看效果好的话会回购的，先好评了,01.19,Tmall,SLEEP,False,False,False,False,False,False,False,0.8968405899010563
1326,1361,1610,BUFFX SLEEP非助深度睡眠神器无糖软糖GABAbuff糖非褪黑素无依赖-tmall.com天猫,助眠效果很不错，值得推荐购买。,01.20,Tmall,SLEEP,False,False,False,False,False,False,False,0.9405875353230437
1328,1363,1612,BUFFX SLEEP非助深度睡眠神器无糖软糖GABAbuff糖非褪黑素无依赖-tmall.com天猫,没什么效果，抖音宣传得太夸张了。,01.25,Tmall,SLEEP,False,False,False,False,False,False,False,0.48444876089137656
1332,1367,1616,BUFFX SLEEP非助深度睡眠神器无糖软糖GABAbuff糖非褪黑素无依赖-tmall.com天猫,没有什么效果，大家不要上当,01.25,Tmall,SLEEP,False,False,False,False,False,False,False,0.6291739894551844
1335,1370,1619,BUFFX SLEEP非助深度睡眠神器无糖软糖GABAbuff糖非褪黑素无依赖-tmall.com天猫,宝贝收到了，期待效果！,01.17,Tmall,SLEEP,False,False,False,False,False,False,False,0.7718741314611033
1339,1374,1623,BUFFX SLEEP非助深度睡眠神器无糖软糖GABAbuff糖非褪黑素无依赖-tmall.com天猫,昨天睡得很好，确实困，有效果吧,01.02,Tmall,SLEEP,False,False,False,False,False,False,False,0.6291739894551844
1340,1375,1624,BUFFX SLEEP非助深度睡眠神器无糖软糖GABAbuff糖非褪黑素无依赖-tmall.com天猫,已收到，效果还行,01.23,Tmall,SLEEP,False,False,False,False,False,False,False,0.7966286200221133
1348,1383,1632,BUFFX SLEEP非助深度睡眠神器无糖软糖GABAbuff糖非褪黑素无依赖-tmall.com天猫,很实用，效果好，以后还会再买,01.18,Tmall,SLEEP,False,False,False,False,False,False,False,0.7443227020261274
1350,1385,1634,BUFFX SLEEP非助深度睡眠神器无糖软糖GABAbuff糖非褪黑素无依赖-tmall.com天猫,口感味道：十分不错，味道很好的软糖。昨晚第一次吃，第一觉就睡得好不错，期待后续效果。如果效果很好会再次回购。,01.10,Tmall,SLEEP,False,False,False,False,False,False,False,0.6863975947125027
1351,1386,1635,BUFFX SLEEP非助深度睡眠神器无糖软糖GABAbuff糖非褪黑素无依赖-tmall.com天猫,口感味道：不错但是效果一般，胃不好的人不建议吃,01.24,Tmall,SLEEP,False,False,False,False,False,False,False,0.9455634455863997
1362,1397,1647,BUFFX SLEEP非助深度睡眠神器无糖软糖GABAbuff糖非褪黑素无依赖-tmall.com天猫,吃起来第一口有一种臭脚丫子味道但是后面就正常了，我刚吃完现在准备睡觉，看看有没有效果，等我追评吧！,01.18,Tmall,SLEEP,False,False,False,False,False,False,False,0.4555213376626601
1365,1400,1650,BUFFX SLEEP非助深度睡眠神器无糖软糖GABAbuff糖非褪黑素无依赖-tmall.com天猫,第二次购买了，效果不错，值得购买。,01.01,Tmall,SLEEP,False,False,False,False,False,False,False,0.9045686218004112
1368,1403,1653,BUFFX SLEEP非助深度睡眠神器无糖软糖GABAbuff糖非褪黑素无依赖-tmall.com天猫,效果挺好的不错，值得推荐,01.15,Tmall,SLEEP,False,False,False,False,False,False,False,0.9763053549862835
1369,1404,1654,BUFFX SLEEP非助深度睡眠神器无糖软糖GABAbuff糖非褪黑素无依赖-tmall.com天猫,睡眠好了很多，有效果,01.15,Tmall,SLEEP,False,False,False,False,False,False,False,0.6291739894551844
1370,1405,1655,BUFFX SLEEP非助深度睡眠神器无糖软糖GABAbuff糖非褪黑素无依赖-tmall.com天猫,包装不错，效果就期待了，最近工作压力大，看着这标题好奇，买一盒试试，味道还是不错的，希望有效果！,01.12,Tmall,SLEEP,False,False,False,False,False,False,False,0.8569831201049278
1371,1406,1656,BUFFX SLEEP非助深度睡眠神器无糖软糖GABAbuff糖非褪黑素无依赖-tmall.com天猫,包装品质：包装也好看 口感味道：吃起来和软糖一样 商品分量：有二十粒，我是轻度失眠，用了之后效果很不错,01.14,Tmall,SLEEP,False,False,False,False,False,False,False,0.9461922485805059
1372,1407,1657,BUFFX SLEEP非助深度睡眠神器无糖软糖GABAbuff糖非褪黑素无依赖-tmall.com天猫,包装品质：包括好看 口感味道：酸甜 味道不错的，不知道有没有效果，看看一周再说，赠送眼罩，不错的,01.12,Tmall,SLEEP,False,False,False,False,False,False,False,0.30613660421113376
1382,1417,1667,BUFFX SLEEP非助深度睡眠神器无糖软糖GABAbuff糖非褪黑素无依赖-tmall.com天猫,已经到货了，具体需要试了才能看到效果，挺用心的包装和赠送的蒸汽眼罩都不错,01.14,Tmall,SLEEP,False,False,False,False,False,False,False,0.5599848523121913
1384,1419,1669,BUFFX SLEEP非助深度睡眠神器无糖软糖GABAbuff糖非褪黑素无依赖-tmall.com天猫,东西不错哦，确实有效果,01.20,Tmall,SLEEP,False,False,False,False,False,False,False,0.74262098861464
1386,1421,1671,BUFFX SLEEP非助深度睡眠神器无糖软糖GABAbuff糖非褪黑素无依赖-tmall.com天猫,吃了几天，效果还可以。,01.25,Tmall,SLEEP,False,False,False,False,False,False,False,0.6736127756467493
1393,1428,1678,BUFFX SLEEP非助深度睡眠神器无糖软糖GABAbuff糖非褪黑素无依赖-tmall.com天猫,一盒有20颗，酸酸甜甜的糖果，样子好可爱的样子，吃了几天了，确实会有点效果，比以前睡着的早一点了。,01.12,Tmall,SLEEP,False,False,False,False,False,False,False,0.6922800772823781
1394,1429,1679,BUFFX SLEEP非助深度睡眠神器无糖软糖GABAbuff糖非褪黑素无依赖-tmall.com天猫,对于我这种以前靠吃药来辅助睡眠的人没有效果，朋友吃她说很有用睡得很沉。精神疾病患者就别考虑了。,01.24,Tmall,SLEEP,False,False,False,False,False,False,False,0.8234672527569379
1396,1431,1681,BUFFX SLEEP非助深度睡眠神器无糖软糖GABAbuff糖非褪黑素无依赖-tmall.com天猫,好吃效果好 会回购。,01.19,Tmall,SLEEP,False,False,False,False,False,False,False,0.5262525915076
1402,1437,1687,BUFFX SLEEP非助深度睡眠神器无糖软糖GABAbuff糖非褪黑素无依赖-tmall.com天猫,帮朋友买的，效果不错,01.25,Tmall,SLEEP,False,False,False,False,False,False,False,0.9045686218004112
1403,1438,1688,BUFFX SLEEP非助深度睡眠神器无糖软糖GABAbuff糖非褪黑素无依赖-tmall.com天猫,味道挺不错的，效果不错！有种小熊软糖的感觉…,01.06,Tmall,SLEEP,False,False,False,False,False,False,False,0.9045686218004112
1405,1440,1690,BUFFX SLEEP非助深度睡眠神器无糖软糖GABAbuff糖非褪黑素无依赖-tmall.com天猫,有点效果吃了人有点昏昏沉沉，心理作用也要有。日夜为国*劳的吃龙肉也无法睡得好,01.22,Tmall,SLEEP,False,False,False,False,False,False,False,0.6316992574879855
1406,1441,1691,BUFFX SLEEP非助深度睡眠神器无糖软糖GABAbuff糖非褪黑素无依赖-tmall.com天猫,口感味道：酸酸甜甜的，效果感觉有点吧，睡得比往常沉一点,01.24,Tmall,SLEEP,False,False,False,False,False,False,False,0.5639543130612453
1410,1446,1696,BUFFX SLEEP非助深度睡眠神器无糖软糖GABAbuff糖非褪黑素无依赖-tmall.com天猫,还是有效果的，吃了后感觉入睡快了，睡眠比较深，早起起床的时候也能感觉到头条晚上睡得特别好。 口味也很不错，挺好吃的。,01.12,Tmall,SLEEP,False,False,False,False,False,False,False,0.6291739894551844
1414,1450,1700,BUFFX SLEEP非助深度睡眠神器无糖软糖GABAbuff糖非褪黑素无依赖-tmall.com天猫,宝贝收到！我外甥女儿吃了说效果很好的，我已经开始服用，我想可能会有我要的效果。,01.16,Tmall,SLEEP,False,False,False,False,False,False,False,0.9521186896986573
1420,1456,1706,BUFFX SLEEP非助深度睡眠神器无糖软糖GABAbuff糖非褪黑素无依赖-tmall.com天猫,yu效果不错,01.19,Tmall,SLEEP,False,False,False,False,False,False,False,0.8951089421928307
